number,date,range,concept,negation,hof,location,correct_answ,hof_answ,location_answ,negation_answ,bleu_score,levenstein_sim,cosine_sim,jaccard_sim
1,2020-02-11 00:36:38,DIS,Hypertensive disease,0,0,null,0,,,,0.0,0.044444444444444446,0.17071482837200164,0.15000000000000002
2,2020-02-11 00:37:11,Hypertension,Hypertensive disease,0,0,null,1,1,1,1,0.2631578947368421,0.5,0.6737101674079895,0.6428571428571428
3,2020-02-11 00:37:27,Anemia,Hypertensive disease,0,0,null,1,1,1,1,1.0,1.0,1.0,1.0
4,2020-02-11 00:37:37,heart failure,Hypertensive disease,0,0,Heart,1,1,1,1,1.0,1.0,1.0,0.8181818181818181
5,2020-02-11 00:38:16,Hypertension,Hypertensive disease,0,0,null,1,1,1,1,0.2631578947368421,0.5,0.6737101674079895,0.6428571428571428
6,2020-02-11 00:38:36,Chronic renal insufficiency,Hypertensive disease,0,0,Kidney,1,1,1,1,0.3333333333333333,0.8214285714285714,1.0,0.7222222222222222
7,2020-02-11 00:39:58,Cataracts,Hypertensive disease,0,0,null,1,1,1,1,1.0,0.8888888888888888,0.7719308137893677,0.8333333333333334
8,2020-02-11 00:41:29,Hypertension,Hypertensive disease,0,0,null,1,1,1,1,0.2631578947368421,0.5,0.6737101674079895,0.6428571428571428
9,2020-02-11 00:42:16,lbbb,Hypertensive disease,0,0,null,1,1,0,1,0.32258064516129037,0.92,0.43536601463953656,0.736842105263158
10,2020-02-11 00:44:27,Hypothyroidism,Hypertensive disease,0,0,null,1,1,1,1,1.0,1.0,1.0,1.0
11,2020-02-11 00:44:41,hypertension,Hypertensive disease,0,0,null,1,1,1,1,0.2631578947368421,0.5,0.6737101674079895,0.5333333333333333
12,2020-02-11 00:44:54,high cholesterol,Hypertensive disease,0,0,null,1,1,1,1,0.0,0.6,0.41732415556907654,0.5625
13,2020-02-11 00:45:03,glaucoma,Hypertensive disease,0,0,null,1,1,1,1,1.0,1.0,1.0,0.75
14,2020-02-11 00:45:15,GERD,Hypertensive disease,0,0,null,1,1,1,1,0.6465517241379309,0.7419354838709677,0.6788643300533295,0.7777777777777778
15,2020-02-11 00:45:26,htn,Hypertensive disease,0,1,null,1,1,1,1,0.2631578947368421,0.5,0.6737101674079895,0.5
16,2020-02-11 00:45:55,HPI,Hypertensive disease,0,0,null,0,,,,0.0,0.1875,0.21819786727428436,0.5789473684210527
17,2020-02-11 00:46:33,lbbb,Hypertensive disease,0,0,null,1,1,1,1,0.32258064516129037,0.92,0.43536601463953656,0.736842105263158
18,2020-02-11 00:48:28,hypertension,Hypertensive disease,0,0,null,1,1,1,1,0.2631578947368421,0.5,0.6737101674079895,0.5333333333333333
19,2020-02-11 00:48:59,htn,Hypertensive disease,0,1,null,1,1,1,1,0.2631578947368421,0.5,0.6737101674079895,0.5
20,2020-02-11 00:50:46,HTN,Hypertensive disease,0,0,null,1,0,1,1,0.2631578947368421,0.5,0.6737101674079895,0.5
21,2020-02-11 00:51:54,hypertension,Hypertensive disease,0,0,null,1,1,1,1,0.2631578947368421,0.5,0.6737101674079895,0.5333333333333333
22,2020-02-11 00:52:59,hypertension,Hypertensive disease,0,0,null,1,0,1,1,0.2631578947368421,0.5,0.6737101674079895,0.5333333333333333
23,2020-02-11 00:53:19,hypercholesterolemia,Hypertensive disease,0,0,null,1,1,1,1,1.0,1.0,1.0,0.9285714285714286
24,2020-02-11 00:53:50,hypertension,Hypertensive disease,0,0,null,1,1,1,1,0.2631578947368421,0.5,0.6737101674079895,0.5333333333333333
25,2020-02-11 00:54:11,hypertension,Hypertensive disease,0,0,null,1,1,1,1,0.2631578947368421,0.5,0.6737101674079895,0.5333333333333333
26,2020-02-11 00:54:25,hypertension,Hypertensive disease,0,0,null,1,1,1,1,0.2631578947368421,0.5,0.6737101674079895,0.5333333333333333
27,2020-02-11 00:54:58,Hypertension,Hypertensive disease,0,0,null,1,1,1,1,0.2631578947368421,0.5,0.6737101674079895,0.6428571428571428
28,2020-02-11 00:55:41,hypertension,Hypertensive disease,0,0,Lung,1,1,0,1,0.2631578947368421,0.5,0.6737101674079895,0.5333333333333333
29,2020-02-11 00:56:34,HTN,Hypertensive disease,0,0,null,1,1,1,1,0.2631578947368421,0.5,0.6737101674079895,0.5
30,2020-02-11 00:58:49,Hypertension,Hypertensive disease,0,0,null,1,1,1,1,0.2631578947368421,0.5,0.6737101674079895,0.6428571428571428
31,2020-02-11 01:01:51,hypertension,Hypertensive disease,0,0,null,1,0,1,1,0.2631578947368421,0.5,0.6737101674079895,0.5333333333333333
32,2020-02-11 01:02:22,HTN,Hypertensive disease,0,0,null,1,1,1,1,0.2631578947368421,0.5,0.6737101674079895,0.5
33,2020-02-11 01:03:42,Hypertension,Hypertensive disease,0,0,null,1,1,1,1,0.2631578947368421,0.5,0.6737101674079895,0.6428571428571428
34,2020-02-11 01:03:56,HTN,Hypertensive disease,0,0,null,1,1,1,1,0.2631578947368421,0.5,0.6737101674079895,0.5
35,2020-02-11 01:04:59,HTN,Hypertensive disease,0,0,null,1,1,1,1,0.2631578947368421,0.5,0.6737101674079895,0.5
36,2020-02-11 01:05:26,HTN,Hypertensive disease,0,0,null,1,1,1,1,0.2631578947368421,0.5,0.6737101674079895,0.5
37,2020-02-11 01:05:36,HTN,Hypertensive disease,0,0,null,1,1,1,1,0.2631578947368421,0.5,0.6737101674079895,0.5
38,2020-02-11 01:06:01,htn,Hypertensive disease,0,0,null,1,1,1,1,0.2631578947368421,0.5,0.6737101674079895,0.5
39,2020-02-11 01:06:21,htn,Hypertensive disease,0,0,null,1,1,1,1,0.2631578947368421,0.5,0.6737101674079895,0.5
40,2020-02-11 01:06:43,HTN,Hypertensive disease,0,0,null,1,1,1,1,0.2631578947368421,0.5,0.6737101674079895,0.5
41,2020-02-11 01:07:00,HTN,Hypertensive disease,0,0,null,1,1,1,1,0.2631578947368421,0.5,0.6737101674079895,0.5
42,2020-02-11 01:07:23,HTN,Hypertensive disease,0,0,null,1,1,1,1,0.2631578947368421,0.5,0.6737101674079895,0.5
43,2020-02-11 01:07:33,HTN,Hypertensive disease,0,0,null,1,1,1,1,0.2631578947368421,0.5,0.6737101674079895,0.5
44,2020-02-11 01:08:00,HTN,Hypertensive disease,0,0,Lung,1,1,0,1,0.2631578947368421,0.5,0.6737101674079895,0.5
45,2020-02-11 01:08:17,high blood pressure,Hypertensive disease,0,0,Blood,1,1,0,1,0.0,0.15,0.25029826164245605,0.368421052631579
46,2020-02-11 01:09:49,chf,Congestive heart failure,0,0,null,1,0,1,1,0.9814814814814815,0.96,1.0,0.8333333333333334
47,2020-02-11 01:10:23,CHF,Congestive heart failure,0,0,null,1,0,1,1,0.9814814814814815,0.96,1.0,0.8333333333333334
48,2020-02-11 01:10:53,CHF,Congestive heart failure,0,0,null,1,1,1,0,0.9814814814814815,0.96,1.0,0.8333333333333334
49,2020-02-11 01:11:18,chf,Congestive heart failure,0,0,null,1,1,1,1,0.9814814814814815,0.96,1.0,0.8333333333333334
50,2020-02-11 01:11:40,chf,Congestive heart failure,0,0,null,1,1,1,1,0.9814814814814815,0.96,1.0,0.8333333333333334
51,2020-02-11 01:11:48,chf,Congestive heart failure,0,0,null,1,1,1,1,0.9814814814814815,0.96,1.0,0.8333333333333334
52,2020-02-11 01:12:15,chf,Congestive heart failure,0,0,null,1,1,1,1,0.9814814814814815,0.96,1.0,0.8333333333333334
53,2020-02-11 01:12:33,chf,Congestive heart failure,0,0,null,1,1,1,1,0.9814814814814815,0.96,1.0,0.8333333333333334
54,2020-02-11 01:13:12,CHF,Congestive heart failure,0,0,null,1,1,1,1,0.9814814814814815,0.96,1.0,0.8333333333333334
55,2020-02-11 01:13:54,CHF,Congestive heart failure,1,0,null,1,1,1,1,0.9814814814814815,0.96,1.0,0.8333333333333334
56,2020-02-11 01:14:08,CHF,Congestive heart failure,0,0,null,1,1,1,1,0.9814814814814815,0.96,1.0,0.8333333333333334
57,2020-02-11 01:14:20,CHF,Congestive heart failure,0,0,null,1,1,1,1,0.9814814814814815,0.96,1.0,0.8333333333333334
58,2020-02-11 01:14:26,CHF,Congestive heart failure,0,0,null,1,1,1,1,0.9814814814814815,0.96,1.0,0.8333333333333334
59,2020-02-11 01:14:42,CHF,Congestive heart failure,0,0,null,1,1,1,1,0.9814814814814815,0.96,1.0,0.8333333333333334
60,2020-02-11 01:14:52,CHF,Congestive heart failure,0,0,null,1,1,1,1,0.9814814814814815,0.96,1.0,0.8333333333333334
61,2020-02-11 01:15:03,CHF,Congestive heart failure,0,0,null,1,1,1,1,0.9814814814814815,0.96,1.0,0.8333333333333334
62,2020-02-11 01:15:23,CHF,Congestive heart failure,0,0,null,1,1,1,1,0.9814814814814815,0.96,1.0,0.8333333333333334
63,2020-02-11 01:15:52,CHF,Congestive heart failure,0,1,null,1,1,1,1,0.9814814814814815,0.96,1.0,0.8333333333333334
64,2020-02-11 01:16:09,CHF,Congestive heart failure,0,0,null,1,1,1,1,0.9814814814814815,0.96,1.0,0.8333333333333334
65,2020-02-11 01:16:43,CHF,Congestive heart failure,0,0,null,1,1,1,1,0.9814814814814815,0.96,1.0,0.8333333333333334
66,2020-02-11 01:17:36,CHF,Congestive heart failure,0,0,null,1,1,1,1,0.9814814814814815,0.96,1.0,0.8333333333333334
67,2020-02-11 01:18:26,CHF,Congestive heart failure,0,0,null,1,1,1,1,0.9814814814814815,0.96,1.0,0.8333333333333334
68,2020-02-11 01:18:46,HTN,Congestive heart failure,0,0,null,1,1,1,1,0.2631578947368421,0.5,0.6737101674079895,0.5
69,2020-02-11 01:18:59,HTN,Congestive heart failure,0,0,null,1,1,1,1,0.2631578947368421,0.5,0.6737101674079895,0.5
70,2020-02-11 01:20:51,HTN,Congestive heart failure,0,0,null,1,1,1,1,0.2631578947368421,0.5,0.6737101674079895,0.5
71,2020-02-11 01:21:26,CHF,Congestive heart failure,0,0,null,1,1,1,1,0.9814814814814815,0.96,1.0,0.8333333333333334
72,2020-02-11 01:21:36,CHF,Congestive heart failure,0,0,null,1,1,1,1,0.9814814814814815,0.96,1.0,0.8333333333333334
73,2020-02-11 01:23:20,CHF,Congestive heart failure,0,0,null,1,0,1,1,0.9814814814814815,0.96,1.0,0.8333333333333334
74,2020-02-11 01:25:59,chf,Congestive heart failure,0,0,null,1,1,1,1,0.9814814814814815,0.96,1.0,0.8333333333333334
75,2020-02-11 01:27:14,CHF,Congestive heart failure,0,0,null,1,0,1,1,0.9814814814814815,0.96,1.0,0.8333333333333334
76,2020-02-11 01:28:42,CHF,Congestive heart failure,0,0,null,1,1,1,1,0.9814814814814815,0.96,1.0,0.8333333333333334
77,2020-02-11 01:29:08,CHF,Congestive heart failure,0,0,null,1,1,1,1,0.9814814814814815,0.96,1.0,0.8333333333333334
78,2020-02-11 01:29:49,CHF,Congestive heart failure,0,0,null,1,1,1,1,0.9814814814814815,0.96,1.0,0.8333333333333334
79,2020-02-11 01:30:14,CHF,Congestive heart failure,0,0,null,1,1,1,1,0.9814814814814815,0.96,1.0,0.8333333333333334
80,2020-02-11 01:30:27,CHF,Congestive heart failure,0,0,null,1,1,1,1,0.9814814814814815,0.96,1.0,0.8333333333333334
81,2020-02-11 01:30:54,CHF,Congestive heart failure,0,0,null,1,1,1,1,0.9814814814814815,0.96,1.0,0.8333333333333334
82,2020-02-11 01:31:24,CHF,Congestive heart failure,0,0,null,1,0,1,1,0.9814814814814815,0.96,1.0,0.8333333333333334
83,2020-02-11 01:31:39,CHF,Congestive heart failure,0,0,null,1,1,1,1,0.9814814814814815,0.96,1.0,0.8333333333333334
84,2020-02-11 01:31:57,CHF,Congestive heart failure,0,0,null,1,1,1,1,0.9814814814814815,0.96,1.0,0.8333333333333334
85,2020-02-11 01:33:49,CHF,Congestive heart failure,0,0,null,1,1,1,1,0.9814814814814815,0.96,1.0,0.8333333333333334
86,2020-02-11 01:34:13,CHF,Congestive heart failure,0,0,null,1,1,1,1,0.9814814814814815,0.96,1.0,0.8333333333333334
87,2020-02-11 01:35:56,CHF,Congestive heart failure,0,0,null,1,1,1,1,0.9814814814814815,0.96,1.0,0.8333333333333334
88,2020-02-11 01:36:12,CHF,Congestive heart failure,0,0,null,1,1,1,1,0.9814814814814815,0.96,1.0,0.8333333333333334
89,2020-02-11 01:36:32,CHF,Congestive heart failure,0,0,null,1,0,1,1,0.9814814814814815,0.96,1.0,0.8333333333333334
90,2020-02-11 01:36:58,CHF,Congestive heart failure,0,0,null,1,1,1,1,0.9814814814814815,0.96,1.0,0.8333333333333334
91,2020-02-11 01:37:30,diabetes,Diabetes Mellitus,0,0,null,1,1,1,1,0.2631578947368421,0.47058823529411764,0.8091974258422852,0.5
92,2020-02-11 01:45:53,diabetes,Diabetes Mellitus,0,0,null,1,0,1,1,0.2631578947368421,0.47058823529411764,0.8091974258422852,0.5
93,2020-02-11 01:46:19,diabetes,Diabetes Mellitus,0,0,null,1,1,1,1,0.2631578947368421,0.47058823529411764,0.8091974258422852,0.5
94,2020-02-11 01:48:47,diabetes,Diabetes Mellitus,0,0,null,1,1,1,1,0.2631578947368421,0.47058823529411764,0.8091974258422852,0.5
95,2020-02-11 01:49:40,Diabetes,Diabetes Mellitus,0,0,null,1,1,1,1,0.2631578947368421,0.47058823529411764,0.8091974258422852,0.6363636363636364
96,2020-02-11 01:49:53,diabetes mellitus type 2,Diabetes Mellitus,0,0,null,1,1,1,1,0.16129032258064518,0.5,1.0,0.5
97,2020-02-11 01:50:08,diabetes,Diabetes Mellitus,0,0,null,1,0,1,1,0.2631578947368421,0.47058823529411764,0.8091974258422852,0.5
98,2020-02-11 01:50:29,diabetes,Diabetes Mellitus,0,0,null,1,1,1,1,0.2631578947368421,0.47058823529411764,0.8091974258422852,0.5
99,2020-02-11 01:50:50,diabetes,Diabetes Mellitus,0,0,null,1,0,1,1,0.2631578947368421,0.47058823529411764,0.8091974258422852,0.5
100,2020-02-11 01:51:09,diabetes,Diabetes Mellitus,0,0,null,1,0,1,1,0.2631578947368421,0.47058823529411764,0.8091974258422852,0.5
101,2020-02-11 01:51:50,diabetes,Diabetes Mellitus,1,0,null,1,0,1,0,0.2631578947368421,0.47058823529411764,0.8091974258422852,0.5
102,2020-02-11 01:52:12,diabetes,Diabetes Mellitus,0,0,null,1,0,1,1,0.2631578947368421,0.47058823529411764,0.8091974258422852,0.5
103,2020-02-11 01:52:39,Diabetes,Diabetes Mellitus,0,0,null,1,1,1,1,0.2631578947368421,0.47058823529411764,0.8091974258422852,0.6363636363636364
104,2020-02-11 01:53:14,diabetes,Diabetes Mellitus,0,0,null,1,1,1,1,0.2631578947368421,0.47058823529411764,0.8091974258422852,0.5
105,2020-02-11 01:53:26,diabetes,Diabetes Mellitus,0,0,null,1,0,1,1,0.2631578947368421,0.47058823529411764,0.8091974258422852,0.5
106,2020-02-11 01:53:43,diabetes,Diabetes Mellitus,0,0,null,1,1,1,1,0.2631578947368421,0.47058823529411764,0.8091974258422852,0.5
107,2020-02-11 01:54:17,DIS,"Deafness, Sensorineural, And Male Infertility",0,0,null,0,,,,0.0,0.044444444444444446,0.17071482837200164,0.15000000000000002
108,2020-02-11 01:54:41,DIS,"Deafness, Sensorineural, And Male Infertility",0,0,null,0,,,,0.0,0.044444444444444446,0.17071482837200164,0.15000000000000002
109,2020-02-11 01:55:03,Food/Drug Interaction,Food-Drug Interactions,0,0,null,1,1,1,1,0.25,0.9090909090909091,0.8100879788398743,0.8333333333333334
110,2020-02-11 01:55:20,Food/Drug Interaction,Food-Drug Interactions,0,0,null,1,1,1,1,0.25,0.9090909090909091,0.8100879788398743,0.8333333333333334
111,2020-02-11 01:55:40,Food/Drug Interaction,Food-Drug Interactions,0,0,null,1,1,1,1,0.25,0.9090909090909091,0.8100879788398743,0.8333333333333334
112,2020-02-11 02:12:20,Food/Drug Interaction,Food-Drug Interactions,0,0,null,1,1,1,1,0.25,0.9090909090909091,0.8100879788398743,0.8333333333333334
113,2020-02-11 02:12:30,Food/Drug Interaction,Food-Drug Interactions,0,0,null,1,1,1,1,0.25,0.9090909090909091,0.8100879788398743,0.8333333333333334
114,2020-02-11 02:13:53,coronary artery disease,Coronary Artery Disease,1,1,Coronary artery,1,1,1,1,1.0,1.0,1.0,0.6666666666666667
115,2020-02-11 02:14:53,coronary artery disease,Coronary Artery Disease,0,0,Arteries,1,1,1,1,1.0,1.0,1.0,0.6666666666666667
116,2020-02-11 02:15:26,CAD,Coronary Artery Disease,0,1,null,1,1,1,1,0.9814814814814815,0.9583333333333334,1.0,0.625
117,2020-02-11 02:15:56,CAD,Coronary Artery Disease,1,0,null,1,0,1,0,0.9814814814814815,0.9583333333333334,1.0,0.625
118,2020-02-11 02:16:12,CAD,Coronary Artery Disease,0,0,null,1,1,1,1,0.9814814814814815,0.9583333333333334,1.0,0.625
119,2020-02-11 02:16:33,CAD,Coronary Artery Disease,0,0,null,1,1,1,1,0.9814814814814815,0.9583333333333334,1.0,0.625
120,2020-02-11 02:17:32,CAD,Coronary Artery Disease,0,0,null,1,0,1,1,0.9814814814814815,0.9583333333333334,1.0,0.625
121,2020-02-11 02:18:03,CAD,Coronary Artery Disease,0,0,null,1,1,1,1,0.9814814814814815,0.9583333333333334,1.0,0.625
122,2020-02-11 02:18:38,CAD,Coronary Artery Disease,1,0,null,1,0,1,0,0.9814814814814815,0.9583333333333334,1.0,0.625
123,2020-02-11 02:20:35,CAD,Coronary Artery Disease,0,0,null,1,1,1,1,0.9814814814814815,0.9583333333333334,1.0,0.625
124,2020-02-11 02:21:23,CAD,Coronary Artery Disease,0,0,null,1,0,1,1,0.9814814814814815,0.9583333333333334,1.0,0.625
125,2020-02-11 02:21:57,CAD,Coronary Artery Disease,0,0,null,1,0,1,1,0.9814814814814815,0.9583333333333334,1.0,0.625
126,2020-02-11 02:22:29,afib,Atrial Fibrillation,0,0,null,1,1,1,1,0.0,0.21052631578947367,0.8008730411529541,0.25
127,2020-02-11 02:23:24,atrial fibrillation,Atrial Fibrillation,0,0,Heart Atrium,1,1,0,1,1.0,1.0,1.0,0.75
128,2020-02-11 02:23:48,afib,Atrial Fibrillation,0,0,null,1,1,1,1,0.0,0.21052631578947367,0.8008730411529541,0.25
129,2020-02-11 02:24:19,afib,Atrial Fibrillation,0,0,null,1,1,1,1,0.0,0.21052631578947367,0.8008730411529541,0.25
130,2020-02-11 02:24:57,ATRIAL FIBRILLATION,Atrial Fibrillation,0,0,Heart Atrium,1,1,0,1,1.0,1.0,1.0,0.16666666666666663
131,2020-02-11 02:25:16,ATRIAL FIBRILLATION,Atrial Fibrillation,0,0,Heart Atrium,1,1,0,1,1.0,1.0,1.0,0.16666666666666663
132,2020-02-11 02:26:09,atrial fibrillation,Atrial Fibrillation,0,0,Heart Atrium,1,1,0,1,1.0,1.0,1.0,0.75
133,2020-02-11 02:26:44,Afib,Atrial Fibrillation,0,0,null,1,0,1,1,0.0,0.21052631578947367,0.8008730411529541,0.25
134,2020-02-11 02:27:15,Atrial fibrillation,Atrial Fibrillation,0,1,Heart Atrium,1,0,1,1,1.0,1.0,1.0,0.8333333333333334
135,2020-02-11 02:27:31,Afib,Atrial Fibrillation,0,0,null,1,1,1,1,0.0,0.21052631578947367,0.8008730411529541,0.25
136,2020-02-11 02:27:48,Afib,Atrial Fibrillation,0,1,null,1,1,1,1,0.0,0.21052631578947367,0.8008730411529541,0.25
137,2020-02-11 02:28:29,Afib,Atrial Fibrillation,0,0,null,1,0,1,1,0.0,0.21052631578947367,0.8008730411529541,0.25
138,2020-02-11 02:28:46,Afib,Atrial Fibrillation,0,0,null,1,1,1,1,0.0,0.21052631578947367,0.8008730411529541,0.25
139,2020-02-11 02:29:05,atrial fibrillation,Atrial Fibrillation,0,0,Heart Atrium,1,0,1,1,1.0,1.0,1.0,0.75
140,2020-02-11 02:31:53,atrial fibrillation,Atrial Fibrillation,0,0,Heart Atrium,1,1,1,1,1.0,1.0,1.0,0.75
141,2020-02-11 02:32:16,AFib,Atrial Fibrillation,0,0,null,1,0,1,1,0.0,0.21052631578947367,0.8008730411529541,0.36363636363636365
142,2020-02-11 02:32:40,AFib,Atrial Fibrillation,0,0,null,1,1,1,1,0.0,0.21052631578947367,0.8008730411529541,0.36363636363636365
143,2020-02-11 02:32:52,AFib,Atrial Fibrillation,0,0,null,1,0,1,1,0.0,0.21052631578947367,0.8008730411529541,0.36363636363636365
144,2020-02-11 02:33:34,AFib,Atrial Fibrillation,0,0,null,1,1,1,1,0.0,0.21052631578947367,0.8008730411529541,0.36363636363636365
145,2020-02-11 02:33:47,AFib,Atrial Fibrillation,0,0,null,1,1,1,1,0.0,0.21052631578947367,0.8008730411529541,0.36363636363636365
146,2020-02-11 02:33:56,AFib,Atrial Fibrillation,0,0,null,1,1,1,1,0.0,0.21052631578947367,0.8008730411529541,0.36363636363636365
147,2020-02-11 02:35:04,Acute on chronic renal insufficiency,Acute Kidney Insufficiency,0,0,Kidney,1,1,1,1,0.3125,0.6111111111111112,0.5293091535568237,0.5789473684210527
148,2020-02-11 02:36:18,joint disease,Arthropathy,0,0,Joints,1,1,1,1,0.0,0.07692307692307693,0.43564391136169434,0.19999999999999996
149,2020-02-11 02:39:51,phlebolith,Phlebolithiasis,0,0,Mesentery,1,1,0,1,0.0,0.6666666666666666,0.0,0.6363636363636364
150,2020-02-11 02:40:16,narrowing,Coxitis,0,0,null,1,1,1,1,1.0,1.0,1.0,0.875
151,2020-02-11 02:41:23,hip rheumatoid arthritis,Coxitis,0,0,Hip structure,1,1,1,1,0.0,0.20833333333333334,0.0,0.2666666666666667
152,2020-02-11 02:42:05,aneurysm,Aneurysm,0,0,null,1,1,1,1,1.0,1.0,1.0,0.7777777777777778
153,2020-02-11 02:42:39,dystonia,Dystonia Disorders,0,0,null,1,1,1,1,0.2631578947368421,0.4444444444444444,0.8299539089202881,0.6666666666666667
154,2020-02-11 02:43:05,renal tubular acidosis,Renal tubular acidosis,0,0,Kidney,1,1,1,1,1.0,1.0,1.0,0.9333333333333333
155,2020-02-11 02:43:37,SQUAMOUS CELL CARCINOMA OF THE LUNG,Squamous cell carcinoma of lung,0,0,Squamous Epithelial Cells,1,1,0,1,0.9490196078431373,0.8857142857142857,1.0,0.06451612903225812
156,2020-02-11 02:44:36,squamous cell carcinoma,Squamous cell carcinoma,0,0,Squamous Epithelial Cells,1,1,0,1,1.0,1.0,1.0,0.9285714285714286
157,2020-02-11 02:45:12,Multinodular goiter,Multinodular goiter,0,0,null,1,1,1,1,1.0,1.0,1.0,1.0
158,2020-02-12 04:19:08,Food/Drug Interaction,Food-Drug Interactions,0,0,null,1,1,1,1,0.25,0.9090909090909091,0.8100879788398743,0.8333333333333334
159,2020-02-12 04:19:19,Food/Drug Interaction,Food-Drug Interactions,0,0,null,1,1,1,1,0.25,0.9090909090909091,0.8100879788398743,0.8333333333333334
160,2020-02-12 04:19:36,Food/Drug Interaction,Food-Drug Interactions,0,0,null,1,1,1,1,0.25,0.9090909090909091,0.8100879788398743,0.8333333333333334
161,2020-02-12 04:19:46,Food/Drug Interaction,Food-Drug Interactions,0,0,null,1,1,1,1,0.25,0.9090909090909091,0.8100879788398743,0.8333333333333334
162,2020-02-12 04:19:58,Food/Drug Interaction,Food-Drug Interactions,0,0,null,1,1,1,1,0.25,0.9090909090909091,0.8100879788398743,0.8333333333333334
163,2020-02-12 04:20:22,Food/Drug Interaction,Food-Drug Interactions,0,0,null,1,1,1,1,0.25,0.9090909090909091,0.8100879788398743,0.8333333333333334
164,2020-02-12 04:20:35,Food/Drug Interaction,Food-Drug Interactions,0,0,null,1,1,1,1,0.25,0.9090909090909091,0.8100879788398743,0.8333333333333334
165,2020-02-12 04:20:43,Food/Drug Interaction,Food-Drug Interactions,0,0,null,1,1,1,1,0.25,0.9090909090909091,0.8100879788398743,0.8333333333333334
166,2020-02-12 04:20:51,Food/Drug Interaction,Food-Drug Interactions,0,0,null,1,1,1,1,0.25,0.9090909090909091,0.8100879788398743,0.8333333333333334
167,2020-02-12 04:21:03,Food/Drug Interaction,Food-Drug Interactions,0,0,null,1,1,1,1,0.25,0.9090909090909091,0.8100879788398743,0.8333333333333334
168,2020-02-12 04:21:44,Drug Interaction Instruction Take with food,Food-Drug Interactions,0,0,null,0,,,,0.20833333333333334,0.27906976744186046,0.03601178526878357,0.6818181818181819
169,2020-02-12 04:22:57,hypertension,Hypertensive disease,0,1,null,1,1,1,1,0.2631578947368421,0.5,0.6737101674079895,0.5333333333333333
170,2020-02-12 04:23:19,hypertension,Hypertensive disease,0,0,null,1,0,1,1,0.2631578947368421,0.5,0.6737101674079895,0.5333333333333333
171,2020-02-12 04:23:43,hypertension,Hypertensive disease,0,0,null,1,1,1,1,0.2631578947368421,0.5,0.6737101674079895,0.5333333333333333
172,2020-02-12 04:24:00,HTN,Hypertensive disease,0,0,null,1,1,1,1,0.2631578947368421,0.5,0.6737101674079895,0.5
173,2020-02-12 04:25:04,HTN,Hypertensive disease,0,0,Structure of right knee,1,1,1,1,0.2631578947368421,0.5,0.6737101674079895,0.5
174,2020-02-12 04:25:21,HTN,Hypertensive disease,0,0,null,1,1,1,1,0.2631578947368421,0.5,0.6737101674079895,0.5
175,2020-02-12 04:25:32,htn,Hypertensive disease,0,0,null,1,1,1,1,0.2631578947368421,0.5,0.6737101674079895,0.5
176,2020-02-12 04:26:11,HTN,Hypertensive disease,0,0,Structure of right knee,1,1,1,1,0.2631578947368421,0.5,0.6737101674079895,0.5
177,2020-02-12 04:26:47,HTN,Hypertensive disease,0,0,null,1,1,1,1,0.2631578947368421,0.5,0.6737101674079895,0.5
178,2020-02-12 04:27:00,Hypertension,Hypertensive disease,0,0,null,1,1,1,1,0.2631578947368421,0.5,0.6737101674079895,0.6428571428571428
179,2020-02-12 04:27:08,hypertension,Hypertensive disease,0,0,null,1,1,1,1,0.2631578947368421,0.5,0.6737101674079895,0.5333333333333333
180,2020-02-12 04:27:35,CHF,Congestive heart failure,0,0,Heart Atrium,1,1,1,1,0.9814814814814815,0.96,1.0,0.8333333333333334
181,2020-02-12 04:27:52,CHF,Congestive heart failure,0,0,null,1,1,1,1,0.9814814814814815,0.96,1.0,0.8333333333333334
182,2020-02-12 04:28:04,CHF,Congestive heart failure,0,0,null,1,1,1,1,0.9814814814814815,0.96,1.0,0.8333333333333334
183,2020-02-12 04:28:13,CHF,Congestive heart failure,0,0,null,1,1,1,1,0.9814814814814815,0.96,1.0,0.8333333333333334
184,2020-02-12 04:29:00,CHF,Congestive heart failure,0,0,null,1,1,1,1,0.9814814814814815,0.96,1.0,0.8333333333333334
185,2020-02-12 04:29:41,CHF,Congestive heart failure,0,0,null,1,1,1,1,0.9814814814814815,0.96,1.0,0.8333333333333334
186,2020-02-12 04:30:17,DIS,"Deafness, Sensorineural, And Male Infertility",0,0,null,0,,,,0.0,0.044444444444444446,0.17071482837200164,0.15000000000000002
187,2020-02-12 04:30:31,DIS,"Deafness, Sensorineural, And Male Infertility",0,0,null,0,,,,0.0,0.044444444444444446,0.17071482837200164,0.15000000000000002
188,2020-02-12 04:30:45,DIS,"Deafness, Sensorineural, And Male Infertility",0,0,null,0,,,,0.0,0.044444444444444446,0.17071482837200164,0.15000000000000002
189,2020-02-12 04:30:57,DIS,"Deafness, Sensorineural, And Male Infertility",0,0,null,0,,,,0.0,0.044444444444444446,0.17071482837200164,0.15000000000000002
190,2020-02-12 04:31:12,DIS,"Deafness, Sensorineural, And Male Infertility",0,0,Coronary artery,0,,,,0.0,0.044444444444444446,0.17071482837200164,0.15000000000000002
191,2020-02-12 04:32:02,NPH,"Hydrocephalus, Normal Pressure",0,0,null,1,1,1,1,0.0,0.06666666666666667,0.07778388261795044,0.16666666666666663
192,2020-02-12 04:32:15,NPH,"Hydrocephalus, Normal Pressure",0,0,null,1,1,1,1,0.0,0.06666666666666667,0.07778388261795044,0.16666666666666663
193,2020-02-12 04:32:29,nph,"Hydrocephalus, Normal Pressure",0,0,null,1,1,1,1,0.0,0.06666666666666667,0.07778388261795044,0.10526315789473684
194,2020-02-12 04:33:05,CAD,Coronary Artery Disease,0,0,Lung,1,1,1,1,0.9814814814814815,0.9583333333333334,1.0,0.625
195,2020-02-12 04:33:20,CAD,Coronary Artery Disease,0,0,null,1,1,1,1,0.9814814814814815,0.9583333333333334,1.0,0.625
196,2020-02-12 04:33:33,CAD,Coronary Artery Disease,0,0,null,1,1,1,1,0.9814814814814815,0.9583333333333334,1.0,0.625
197,2020-02-12 04:33:42,CAD,Coronary Artery Disease,0,0,null,1,1,1,1,0.9814814814814815,0.9583333333333334,1.0,0.625
198,2020-02-12 04:33:49,CAD,Coronary Artery Disease,0,0,null,1,1,1,1,0.9814814814814815,0.9583333333333334,1.0,0.625
199,2020-02-12 04:34:01,CAD,Coronary Artery Disease,0,1,null,1,1,1,1,0.9814814814814815,0.9583333333333334,1.0,0.625
200,2020-02-12 04:34:26,COPD,Chronic Obstructive Airway Disease,0,0,null,1,1,1,1,0.6388888888888888,0.7894736842105263,0.8808173835277557,0.6
201,2020-02-12 04:34:36,COPD,Chronic Obstructive Airway Disease,0,0,null,1,1,1,1,0.6388888888888888,0.7894736842105263,0.8808173835277557,0.6
202,2020-02-12 04:35:13,wound,Injury wounds,0,0,null,1,1,1,1,0.5263157894736842,0.38461538461538464,0.6405411213636398,0.4545454545454546
203,2020-02-12 04:35:24,wound,Injury wounds,0,0,null,1,1,1,1,0.5263157894736842,0.38461538461538464,0.6405411213636398,0.4545454545454546
204,2020-02-12 04:35:45,wound,Injury wounds,0,0,null,1,1,1,1,0.5263157894736842,0.38461538461538464,0.6405411213636398,0.4545454545454546
205,2020-02-12 04:35:59,wound,Injury wounds,0,0,null,1,1,1,1,0.5263157894736842,0.38461538461538464,0.6405411213636398,0.4545454545454546
206,2020-02-12 04:36:48,atrial fibrillation,Atrial Fibrillation,0,0,Heart Atrium,1,1,1,1,1.0,1.0,1.0,0.75
207,2020-02-12 04:37:04,atrial fibrillation,Atrial Fibrillation,0,0,Heart Atrium,1,1,1,1,1.0,1.0,1.0,0.75
208,2020-02-12 04:37:19,atrial fibrillation,Atrial Fibrillation,0,0,Heart Atrium,1,1,1,1,1.0,1.0,1.0,0.75
209,2020-02-12 04:37:33,atrial fibrillation,Atrial Fibrillation,0,0,Heart Atrium,1,1,1,1,1.0,1.0,1.0,0.75
210,2020-02-12 04:38:33,stroke,Cerebrovascular accident,0,0,Arteries,1,1,1,1,0.2631578947368421,0.125,0.5634257793426514,0.2941176470588235
211,2020-02-12 04:38:44,stroke,Cerebrovascular accident,0,0,null,1,1,1,1,0.2631578947368421,0.125,0.5634257793426514,0.2941176470588235
212,2020-02-12 04:39:11,stroke,Cerebrovascular accident,0,0,Structure of middle cerebral artery,1,1,1,1,0.2631578947368421,0.125,0.5634257793426514,0.2941176470588235
213,2020-02-12 04:45:51,anemia,Anemia,0,0,null,1,1,1,1,1.0,1.0,1.0,0.8333333333333334
214,2020-02-12 04:46:05,anemia,Anemia,0,0,null,1,1,1,1,1.0,1.0,1.0,0.8333333333333334
215,2020-02-12 04:46:20,anemia,Anemia,0,0,null,1,1,1,1,1.0,1.0,1.0,0.8333333333333334
216,2020-02-12 04:46:36,anemia,Anemia,0,0,null,1,1,1,1,1.0,1.0,1.0,0.8333333333333334
217,2020-02-12 04:47:11,anemia,Anemia,0,0,null,1,1,1,1,1.0,1.0,1.0,0.8333333333333334
218,2020-02-12 04:48:20,Endo,Endometriosis,0,0,null,1,1,1,1,0.0,0.3076923076923077,0.23130184412002563,0.4
219,2020-02-12 04:48:33,Endo,Endometriosis,0,0,null,1,1,1,1,0.0,0.3076923076923077,0.23130184412002563,0.4
220,2020-02-12 04:48:48,endo,Endometriosis,0,0,null,1,1,1,1,0.0,0.3076923076923077,0.23130184412002563,0.4
221,2020-02-12 04:48:57,endo,Endometriosis,0,0,null,1,1,1,1,0.0,0.3076923076923077,0.23130184412002563,0.4
222,2020-02-12 04:49:24,stomach,Stomach Diseases,0,0,Entire stomach,0,,,,0.2631578947368421,0.4375,0.6726697087287903,0.5833333333333333
223,2020-02-12 04:49:39,stomach,Stomach Diseases,0,0,Entire stomach,0,,,,0.2631578947368421,0.4375,0.6726697087287903,0.5833333333333333
224,2020-02-12 04:49:51,stomach,Stomach Diseases,0,0,Entire stomach,0,,,,0.2631578947368421,0.4375,0.6726697087287903,0.5833333333333333
225,2020-02-12 04:50:04,stomach,Stomach Diseases,0,0,Entire stomach,0,,,,0.2631578947368421,0.4375,0.6726697087287903,0.5833333333333333
226,2020-02-12 04:50:24,Diabetes,Diabetes Mellitus,0,0,null,1,1,1,1,0.2631578947368421,0.47058823529411764,0.8091974258422852,0.6363636363636364
227,2020-02-12 04:50:41,Diabetes,Diabetes Mellitus,0,0,null,1,1,1,1,0.2631578947368421,0.47058823529411764,0.8091974258422852,0.6363636363636364
228,2020-02-12 04:51:10,Diabetes,Diabetes Mellitus,0,0,null,1,1,1,1,0.2631578947368421,0.47058823529411764,0.8091974258422852,0.6363636363636364
229,2020-02-12 04:51:39,erythema,Erythema,0,0,null,1,1,1,1,1.0,1.0,1.0,0.875
230,2020-02-12 04:52:23,erythema,Erythema,0,0,null,1,1,1,1,1.0,1.0,1.0,0.875
231,2020-02-12 04:52:46,Obese,Obesity,0,0,null,1,1,1,1,0.5,0.5714285714285714,0.7143996953964233,0.5714285714285714
232,2020-02-12 04:53:06,obesity,Obesity,0,0,Knee,1,1,1,1,1.0,1.0,1.0,0.75
233,2020-02-12 04:53:53,obesity,Obesity,0,0,Knee,1,1,1,1,1.0,1.0,1.0,0.75
234,2020-02-12 04:56:42,infection,Communicable Diseases,0,0,null,0,,,,0.0,0.14285714285714285,0.36859558522701263,0.3125
235,2020-02-12 04:56:57,infection,Communicable Diseases,0,0,null,0,,,,0.0,0.14285714285714285,0.36859558522701263,0.3125
236,2020-02-12 04:57:12,Infectious,Communicable Diseases,0,0,null,0,,,,0.0,0.19047619047619047,0.5438741892576218,0.4117647058823529
237,2020-02-12 04:57:39,drug allergies,Drug Allergy,1,0,null,1,1,1,1,1.2777777777777777,0.7857142857142857,0.8555439114570618,0.46153846153846156
238,2020-02-12 04:57:49,drug allergies,Drug Allergy,1,0,null,1,1,1,1,1.2777777777777777,0.7857142857142857,0.8555439114570618,0.46153846153846156
239,2020-02-12 04:57:59,drug allergies,Drug Allergy,1,0,null,1,1,1,1,1.2777777777777777,0.7857142857142857,0.8555439114570618,0.46153846153846156
240,2020-02-12 04:58:08,drug allergies,Drug Allergy,1,0,null,1,1,1,1,1.2777777777777777,0.7857142857142857,0.8555439114570618,0.46153846153846156
241,2020-02-12 04:59:57,syndrome,Adenohypophyseal Diseases,0,0,null,1,1,1,1,1.0,1.0,1.0,0.7777777777777778
242,2020-02-12 05:00:14,anterior,Adenohypophyseal Diseases,0,0,null,1,1,1,1,0.0,0.16,0.17104923725128174,0.3125
243,2020-02-12 05:00:49,anterior,Adenohypophyseal Diseases,0,0,null,0,,,,0.0,0.16,0.17104923725128174,0.3125
244,2020-02-12 05:01:22,myocardial infarction,Myocardial Infarction,0,0,null,1,1,1,1,1.0,1.0,1.0,0.8
245,2020-02-12 05:01:47,myocardial infarction,Myocardial Infarction,0,0,null,1,0,1,1,1.0,1.0,1.0,0.8
246,2020-02-12 05:02:27,IHSS,Idiopathic hypertrophic subaortic stenosis,0,0,null,1,1,1,1,0.0,0.09523809523809523,0.0,0.052631578947368474
247,2020-02-12 05:02:36,IHSS,Idiopathic hypertrophic subaortic stenosis,0,0,null,1,1,1,1,0.0,0.09523809523809523,0.0,0.052631578947368474
248,2020-02-12 05:02:46,IHSS,Idiopathic hypertrophic subaortic stenosis,0,0,null,1,1,1,1,0.0,0.09523809523809523,0.0,0.052631578947368474
249,2020-02-12 05:30:28,Infections,Infections of musculoskeletal system,0,0,null,1,1,1,1,0.13513513513513511,0.2777777777777778,0.3382557686418295,0.5625
250,2020-02-12 05:31:08,Infections,Infections of musculoskeletal system,0,0,null,1,1,1,1,0.13513513513513511,0.2777777777777778,0.3382557686418295,0.5625
251,2020-02-12 05:31:30,Infections,Infections of musculoskeletal system,0,0,null,1,1,1,1,0.13513513513513511,0.2777777777777778,0.3382557686418295,0.5625
252,2020-02-12 05:32:10,Infections,Infections of musculoskeletal system,0,0,null,1,1,1,1,0.13513513513513511,0.2777777777777778,0.3382557686418295,0.5625
253,2020-02-12 05:32:52,anemia,Infantile Neuroaxonal Dystrophy,0,0,null,1,1,1,1,1.0,1.0,1.0,0.8333333333333334
254,2020-02-12 05:34:07,PLAN,Infantile Neuroaxonal Dystrophy,0,0,null,0,,,,0.0,0.0967741935483871,-0.16849049553275108,0.045454545454545414
255,2020-02-12 05:35:57,PLAN,Infantile Neuroaxonal Dystrophy,0,0,null,0,,,,0.0,0.0967741935483871,-0.16849049553275108,0.045454545454545414
256,2020-02-12 05:36:59,PLAN,Infantile Neuroaxonal Dystrophy,0,0,null,0,,,,0.0,0.0967741935483871,-0.16849049553275108,0.045454545454545414
257,2020-02-12 05:37:47,depression,Depressive disorder,0,0,null,1,1,1,1,0.2631578947368421,0.47368421052631576,0.7141569256782532,0.6363636363636364
258,2020-02-12 05:38:13,Depression,Depressive disorder,0,0,null,1,1,1,1,0.2631578947368421,0.47368421052631576,0.7141569256782532,0.6363636363636364
259,2020-02-12 05:38:37,Depression,Depressive disorder,0,0,null,1,1,1,1,0.2631578947368421,0.47368421052631576,0.7141569256782532,0.6363636363636364
260,2020-02-12 05:39:02,depression,Depressive disorder,0,0,null,1,1,1,1,0.2631578947368421,0.47368421052631576,0.7141569256782532,0.6363636363636364
261,2020-02-12 05:45:40,LAD,Leukocyte adhesion deficiency type 1,1,0,Anterior descending branch of left coronary artery,1,1,,1,0.0,0.234375,0.6328560709953308,0.4444444444444444
262,2020-02-12 05:45:58,LAD,Leukocyte adhesion deficiency type 1,0,0,Anterior descending branch of left coronary artery,1,1,1,1,0.0,0.234375,0.6328560709953308,0.4444444444444444
263,2020-02-12 05:46:19,LAD,Leukocyte adhesion deficiency type 1,0,0,Anterior descending branch of left coronary artery,1,1,1,1,0.0,0.234375,0.6328560709953308,0.4444444444444444
264,2020-02-12 07:57:17,obesity,Obesity,0,0,null,1,1,1,1,1.0,1.0,1.0,0.75
265,2020-02-12 07:57:36,obese,Obesity,0,0,null,1,1,1,1,0.5,0.5714285714285714,0.7143996953964233,0.375
266,2020-02-12 07:57:51,Obese,Obesity,0,0,null,1,1,1,1,0.5,0.5714285714285714,0.7143996953964233,0.5714285714285714
267,2020-02-12 07:58:24,obesity,Obesity,0,0,null,1,1,1,1,1.0,1.0,1.0,0.75
268,2020-02-12 07:58:49,obese,Obesity,0,0,null,1,1,1,1,0.5,0.5714285714285714,0.7143996953964233,0.375
269,2020-02-12 07:59:08,obesity,Obesity,0,0,null,1,1,1,1,1.0,1.0,1.0,0.75
270,2020-02-12 07:59:44,Obese,Obesity,0,0,null,1,1,1,1,0.5,0.5714285714285714,0.7143996953964233,0.5714285714285714
271,2020-02-12 08:00:13,obesity,Obesity,0,0,null,1,1,1,1,1.0,1.0,1.0,0.75
272,2020-02-12 08:00:29,obesity,Obesity,0,0,null,1,1,1,1,1.0,1.0,1.0,0.75
273,2020-02-12 08:01:33,obesity,Obesity,0,0,Neck,1,1,1,1,1.0,1.0,1.0,0.75
274,2020-02-12 08:01:55,obesity,Obesity,0,0,null,1,1,1,1,1.0,1.0,1.0,0.75
275,2020-02-12 08:03:04,obese,Obesity,0,0,null,1,1,1,1,0.5,0.5714285714285714,0.7143996953964233,0.375
276,2020-02-12 08:03:37,obese,Obesity,0,0,null,1,1,1,1,0.5,0.5714285714285714,0.7143996953964233,0.375
277,2020-02-12 08:03:57,obese,Obesity,0,0,null,1,1,1,1,0.5,0.5714285714285714,0.7143996953964233,0.375
278,2020-02-12 08:08:18,pneumoniae,Pneumonia,0,0,null,1,1,1,1,0.5,0.9,0.2443031519651413,0.7777777777777778
279,2020-02-12 08:10:35,pneumonia,Pneumonia,0,0,null,1,1,1,1,1.0,1.0,1.0,0.7777777777777778
280,2020-02-12 08:11:24,pneumonia,Pneumonia,0,0,null,1,1,1,1,1.0,1.0,1.0,0.7777777777777778
281,2020-02-12 08:12:05,pneumonia,Pneumonia,0,0,null,1,1,1,1,1.0,1.0,1.0,0.7777777777777778
282,2020-02-12 08:12:34,pneumonia,Pneumonia,0,0,null,1,1,1,1,1.0,1.0,1.0,0.7777777777777778
283,2020-02-12 08:12:46,pneumonia,Pneumonia,0,0,null,1,1,1,1,1.0,1.0,1.0,0.7777777777777778
284,2020-02-12 08:13:07,pneumonia,Pneumonia,0,0,null,1,1,0,1,1.0,1.0,1.0,0.7777777777777778
285,2020-02-12 08:13:50,pneumonia,Pneumonia,0,0,null,1,1,1,1,1.0,1.0,1.0,0.7777777777777778
286,2020-02-12 08:14:23,pneumonia,Pneumonia,0,0,null,1,1,1,1,1.0,1.0,1.0,0.7777777777777778
287,2020-02-12 08:14:43,pneumonia,Pneumonia,0,0,null,1,1,1,1,1.0,1.0,1.0,0.7777777777777778
288,2020-02-12 08:15:02,Pneumonia,Pneumonia,0,0,null,1,1,1,1,1.0,1.0,1.0,1.0
289,2020-02-12 08:15:18,pneumonia,Pneumonia,0,0,null,1,1,1,1,1.0,1.0,1.0,0.7777777777777778
290,2020-02-12 08:16:22,pneumonia,Pneumonia,0,0,Chest,1,1,1,1,1.0,1.0,1.0,0.7777777777777778
291,2020-02-12 08:18:49,pneumonia,Pneumonia,0,0,null,1,1,1,1,1.0,1.0,1.0,0.7777777777777778
292,2020-02-12 08:19:02,pneumonia,Pneumonia,0,0,null,1,1,1,1,1.0,1.0,1.0,0.7777777777777778
293,2020-02-12 08:19:46,pneumonia,Pneumonia,0,0,Lung,1,1,1,1,1.0,1.0,1.0,0.7777777777777778
294,2020-02-12 08:20:09,pneumonia,Pneumonia,0,0,null,1,1,1,1,1.0,1.0,1.0,0.7777777777777778
295,2020-02-12 08:20:19,pneumonia,Pneumonia,0,0,null,1,1,1,1,1.0,1.0,1.0,0.7777777777777778
296,2020-02-12 08:20:46,pneumonia,Pneumonia,0,0,null,1,1,1,1,1.0,1.0,1.0,0.7777777777777778
297,2020-02-12 08:21:08,Pneumonia,Pneumonia,0,0,null,1,1,1,1,1.0,1.0,1.0,1.0
298,2020-02-12 08:21:26,pneumoniae,Pneumonia,0,0,null,1,1,1,1,0.5,0.9,0.2443031519651413,0.7777777777777778
299,2020-02-12 08:21:45,PNEUMONIA,Pneumonia,0,0,null,1,1,1,1,1.0,1.0,1.0,0.06666666666666665
300,2020-02-12 08:22:01,Pneumonia,Pneumonia,0,0,null,1,1,1,1,1.0,1.0,1.0,1.0
301,2020-02-12 08:22:30,pneumonia,Pneumonia,0,0,null,1,0,1,1,1.0,1.0,1.0,0.7777777777777778
302,2020-02-12 08:22:55,pneumonia,Pneumonia,0,0,null,1,1,0,1,1.0,1.0,1.0,0.7777777777777778
303,2020-02-12 08:24:02,pneumonia,Pneumonia,0,0,null,1,1,1,1,1.0,1.0,1.0,0.7777777777777778
304,2020-02-12 08:24:34,PNEUMONIA,Pneumonia,0,0,null,1,1,1,1,1.0,1.0,1.0,0.06666666666666665
305,2020-02-12 08:25:28,pneumonia,Pneumonia,0,0,Right lung,1,1,1,1,1.0,1.0,1.0,0.7777777777777778
306,2020-02-12 08:26:35,pneumonia,Pneumonia,0,0,null,1,1,1,1,1.0,1.0,1.0,0.7777777777777778
307,2020-02-12 17:46:45,heart failure,Heart failure,0,0,Heart,1,1,1,1,1.0,1.0,1.0,0.8181818181818181
308,2020-02-12 17:59:01,heart failure,Heart failure,0,0,Heart,1,1,1,1,1.0,1.0,1.0,0.8181818181818181
309,2020-02-12 18:04:45,heart failure,Heart failure,0,1,Heart,1,1,1,1,1.0,1.0,1.0,0.8181818181818181
310,2020-02-12 18:05:14,heart failure,Heart failure,0,0,Heart,1,0,1,1,1.0,1.0,1.0,0.8181818181818181
311,2020-02-12 18:12:14,Heart failure,Heart failure,0,0,Heart,1,1,1,1,1.0,1.0,1.0,1.0
312,2020-02-12 18:12:33,HEART FAILURE,Heart failure,0,0,Heart,1,1,1,1,1.0,1.0,1.0,0.11111111111111116
313,2020-02-12 18:12:51,HEART FAILURE,Heart failure,0,0,Heart,1,1,1,1,1.0,1.0,1.0,0.11111111111111116
314,2020-02-12 18:13:14,heart failure,Heart failure,0,0,Heart,1,0,1,1,1.0,1.0,1.0,0.8181818181818181
315,2020-02-12 18:13:31,heart failure,Heart failure,0,0,Heart,1,0,1,1,1.0,1.0,1.0,0.8181818181818181
316,2020-02-12 18:13:51,heart failure,Heart failure,0,0,Heart,1,0,1,1,1.0,1.0,1.0,0.8181818181818181
317,2020-02-12 18:15:05,Heart Failure,Heart failure,0,0,Heart,1,1,1,1,1.0,1.0,1.0,0.8181818181818181
318,2020-02-12 18:15:16,heart failure,Heart failure,0,0,Heart,1,1,1,1,1.0,1.0,1.0,0.8181818181818181
319,2020-02-12 18:15:27,heart failure,Heart failure,0,0,Heart,1,1,1,1,1.0,1.0,1.0,0.8181818181818181
320,2020-02-12 18:15:38,heart failure,Heart failure,0,0,Heart,1,1,1,1,1.0,1.0,1.0,0.8181818181818181
321,2020-02-12 18:16:39,heart failure,Heart failure,0,0,Heart,1,1,0,1,1.0,1.0,1.0,0.8181818181818181
322,2020-02-12 18:17:21,heart failure,Heart failure,0,0,Heart,1,0,1,1,1.0,1.0,1.0,0.8181818181818181
323,2020-02-12 18:25:04,PLAN,Infantile Neuroaxonal Dystrophy,0,0,null,0,,,,0.0,0.0967741935483871,-0.16849049553275108,0.045454545454545414
324,2020-02-12 18:25:56,Plan,Infantile Neuroaxonal Dystrophy,0,0,null,0,,,,0.0,0.0967741935483871,-0.16849049553275108,0.15000000000000002
325,2020-02-12 18:26:05,PLAN,Infantile Neuroaxonal Dystrophy,0,0,null,0,,,,0.0,0.0967741935483871,-0.16849049553275108,0.045454545454545414
326,2020-02-12 18:26:39,Plan,Infantile Neuroaxonal Dystrophy,0,0,null,0,,,,0.0,0.0967741935483871,-0.16849049553275108,0.15000000000000002
327,2020-02-12 18:43:15,infection,Communicable Diseases,0,0,null,1,1,1,1,0.0,0.14285714285714285,0.36859558522701263,0.3125
328,2020-02-12 18:43:48,infectious,Communicable Diseases,0,0,null,1,0,1,1,0.0,0.19047619047619047,0.5438741892576218,0.4375
329,2020-02-12 18:44:00,infectious,Communicable Diseases,0,0,null,1,1,1,1,0.0,0.19047619047619047,0.5438741892576218,0.4375
330,2020-02-12 18:44:11,infectious,Communicable Diseases,0,0,null,1,1,1,1,0.0,0.19047619047619047,0.5438741892576218,0.4375
331,2020-02-12 18:44:38,infectious,Communicable Diseases,0,0,null,1,1,1,1,0.0,0.19047619047619047,0.5438741892576218,0.4375
332,2020-02-12 19:24:52,MYOCARDIAL INFARCTION,Myocardial Infarction,0,0,null,1,1,1,1,1.0,1.0,1.0,0.125
333,2020-02-12 19:25:29,heart attack,Myocardial Infarction,0,1,Heart,1,0,1,1,0.0,0.23809523809523808,0.4815269112586975,0.2941176470588235
334,2020-02-12 19:29:49,myocardial infarction,Myocardial Infarction,0,0,null,1,1,1,1,1.0,1.0,1.0,0.8
335,2020-02-12 19:30:24,MYOCARDIAL INFARCTION,Myocardial Infarction,0,0,null,1,1,1,1,1.0,1.0,1.0,0.125
336,2020-02-12 19:31:14,Hypertension,Hypertensive disease,0,0,null,1,1,1,1,0.2631578947368421,0.5,0.6737101674079895,0.6428571428571428
337,2020-02-12 19:31:29,myocardial infarction,Myocardial Infarction,0,0,null,1,0,1,1,1.0,1.0,1.0,0.8
338,2020-02-12 19:31:34,htn,Hypertensive disease,0,0,null,1,1,1,1,0.2631578947368421,0.5,0.6737101674079895,0.5
339,2020-02-12 19:31:45,hypertension,Hypertensive disease,0,0,null,1,1,1,1,0.2631578947368421,0.5,0.6737101674079895,0.5333333333333333
340,2020-02-12 19:32:00,myocardial infarction,Myocardial Infarction,0,0,null,1,0,1,1,1.0,1.0,1.0,0.8
341,2020-02-12 19:32:10,Hypertension,Hypertensive disease,0,0,null,1,1,1,1,0.2631578947368421,0.5,0.6737101674079895,0.6428571428571428
342,2020-02-12 19:32:12,amp,Adenosine Monophosphate,0,0,null,1,1,1,1,0.0,0.13043478260869565,0.4694608747959137,0.1428571428571429
343,2020-02-12 19:32:24,myocardial infarction,Myocardial Infarction,0,0,null,1,1,1,1,1.0,1.0,1.0,0.8
344,2020-02-12 19:32:29,amp,Adenosine Monophosphate,0,0,null,1,1,1,1,0.0,0.13043478260869565,0.4694608747959137,0.1428571428571429
345,2020-02-12 19:32:38,hypertension,Hypertensive disease,0,0,null,1,1,1,1,0.2631578947368421,0.5,0.6737101674079895,0.5333333333333333
346,2020-02-12 19:32:39,amp,Adenosine Monophosphate,0,0,null,1,1,1,1,0.0,0.13043478260869565,0.4694608747959137,0.1428571428571429
347,2020-02-12 19:32:53,amp,Adenosine Monophosphate,0,0,null,1,1,1,1,0.0,0.13043478260869565,0.4694608747959137,0.1428571428571429
348,2020-02-12 19:33:06,amp,Adenosine Monophosphate,0,0,null,1,1,1,1,0.0,0.13043478260869565,0.4694608747959137,0.1428571428571429
349,2020-02-12 19:33:15,amp,Adenosine Monophosphate,0,0,null,1,1,1,1,0.0,0.13043478260869565,0.4694608747959137,0.1428571428571429
350,2020-02-12 19:33:18,CHF,Hypertensive disease,0,0,null,1,0,1,1,0.9814814814814815,0.96,1.0,0.8333333333333334
351,2020-02-12 19:33:28,amp,Adenosine Monophosphate,0,0,null,1,1,1,1,0.0,0.13043478260869565,0.4694608747959137,0.1428571428571429
352,2020-02-12 19:33:37,myocardial infarction,Myocardial Infarction,0,0,null,1,0,1,1,1.0,1.0,1.0,0.8
353,2020-02-12 19:33:37,amp,Adenosine Monophosphate,0,0,null,1,1,1,1,0.0,0.13043478260869565,0.4694608747959137,0.1428571428571429
354,2020-02-12 19:33:39,CHF,Hypertensive disease,0,0,null,1,1,1,1,0.9814814814814815,0.96,1.0,0.8333333333333334
355,2020-02-12 19:33:49,cardiomyopathy,Hypertensive disease,0,0,null,1,1,1,1,0.5,0.8125,0.49391767382621765,0.7142857142857143
356,2020-02-12 19:33:49,myocardial infarction,Myocardial Infarction,0,0,null,1,0,1,1,1.0,1.0,1.0,0.8
357,2020-02-12 19:33:50,amp,Adenosine Monophosphate,0,0,null,1,1,1,1,0.0,0.13043478260869565,0.4694608747959137,0.1428571428571429
358,2020-02-12 19:34:05,myocardial infarction,Myocardial Infarction,0,0,null,1,1,0,1,1.0,1.0,1.0,0.8
359,2020-02-12 19:34:06,amp,Adenosine Monophosphate,0,0,null,1,1,1,1,0.0,0.13043478260869565,0.4694608747959137,0.1428571428571429
360,2020-02-12 19:34:06,Iron deficiency anemia,Hypertensive disease,0,0,null,1,1,1,1,1.0,1.0,1.0,1.0
361,2020-02-12 19:34:20,myocardial infarctions,Myocardial Infarction,0,0,null,1,1,1,1,1.2777777777777777,0.9545454545454546,0.6898215413093567,0.75
362,2020-02-12 19:34:21,amp,Adenosine Monophosphate,0,0,null,1,1,1,1,0.0,0.13043478260869565,0.4694608747959137,0.1428571428571429
363,2020-02-12 19:34:30,HEART FAILURE,Hypertensive disease,0,0,Heart,1,1,1,1,1.0,1.0,1.0,0.11111111111111116
364,2020-02-12 19:34:36,hypertension,Hypertensive disease,0,0,null,1,1,1,1,0.2631578947368421,0.5,0.6737101674079895,0.5333333333333333
365,2020-02-12 19:34:53,Coumadin,Coumadin,0,0,null,1,1,1,1,1.0,1.0,1.0,1.0
366,2020-02-12 19:35:01,Diabetes,Hypertensive disease,0,0,null,1,1,1,1,0.2631578947368421,0.47058823529411764,0.8091974258422852,0.6363636363636364
367,2020-02-12 19:35:02,Coumadin,Coumadin,0,0,null,1,1,1,1,1.0,1.0,1.0,1.0
368,2020-02-12 19:35:11,myocardial infarction,Hypertensive disease,0,0,null,1,1,1,1,1.0,1.0,1.0,0.8
369,2020-02-12 19:35:15,myocardial infarction,Myocardial Infarction,0,0,null,1,1,1,0,1.0,1.0,1.0,0.8
370,2020-02-12 19:35:20,Coronary artery disease,Hypertensive disease,0,0,Heart,1,1,1,1,1.0,1.0,1.0,0.7857142857142857
371,2020-02-12 19:35:28,Lisinopril,Lisinopril,0,0,null,1,1,1,1,1.0,1.0,1.0,1.0
372,2020-02-12 19:35:37,Lisinopril,Lisinopril,0,0,null,1,1,1,1,1.0,1.0,1.0,1.0
373,2020-02-12 19:35:39,amaurosis,Hypertensive disease,0,0,null,1,1,1,1,1.0,1.0,0.0,0.875
374,2020-02-12 19:35:53,myocardial infarction,Myocardial Infarction,0,0,null,1,1,1,1,1.0,1.0,1.0,0.8
375,2020-02-12 19:36:11,myocardial infarction,Myocardial Infarction,0,0,null,1,1,1,1,1.0,1.0,1.0,0.8
376,2020-02-12 19:36:26,chf,Hypertensive disease,0,0,null,1,1,1,1,0.9814814814814815,0.96,1.0,0.8333333333333334
377,2020-02-12 19:36:44,diabetes,Hypertensive disease,0,0,null,1,1,1,1,0.2631578947368421,0.47058823529411764,0.8091974258422852,0.5
378,2020-02-12 19:36:57,cad,Hypertensive disease,0,0,Heart,1,1,1,1,0.9814814814814815,0.9583333333333334,1.0,0.625
379,2020-02-12 19:37:09,hypercholesterolemia,Hypertensive disease,0,0,null,1,1,1,1,1.0,1.0,1.0,0.9285714285714286
380,2020-02-12 19:37:50,CHRONIC OBSTRUCTIVE PULMONARY DISEASE,"Deafness, Sensorineural, And Male Infertility",0,0,Lung,0,1,1,1,0.45454545454545453,0.40540540540540543,0.3095032721757889,0.06896551724137934
381,2020-02-12 19:38:00,MYOCARDIAL INFARCTION,Myocardial Infarction,0,0,null,1,1,1,1,1.0,1.0,1.0,0.125
382,2020-02-12 19:38:25,DIS,"Deafness, Sensorineural, And Male Infertility",0,0,null,0,,,,0.0,0.044444444444444446,0.17071482837200164,0.15000000000000002
383,2020-02-12 19:38:42,FOOT GANGRENE,"Deafness, Sensorineural, And Male Infertility",0,0,Foot,1,1,1,1,0.3448275862068965,0.1875,0.4956748678038518,0.11764705882352944
384,2020-02-12 19:39:01,DIS,"Deafness, Sensorineural, And Male Infertility",0,0,Structure of right foot,0,,,,0.0,0.044444444444444446,0.17071482837200164,0.15000000000000002
385,2020-02-12 19:39:13,DIS,"Deafness, Sensorineural, And Male Infertility",0,0,null,0,,,,0.0,0.044444444444444446,0.17071482837200164,0.15000000000000002
386,2020-02-12 19:39:23,post-concussive syndrome,"Deafness, Sensorineural, And Male Infertility",0,0,null,1,1,1,1,0.9375,0.9166666666666666,1.0,0.736842105263158
387,2020-02-12 19:39:39,myocardial infarction,Myocardial Infarction,0,0,null,1,1,1,1,1.0,1.0,1.0,0.8
388,2020-02-12 19:39:51,Food/Drug Interaction,Food-Drug Interactions,0,0,null,1,1,1,1,0.25,0.9090909090909091,0.8100879788398743,0.8333333333333334
389,2020-02-12 19:40:02,MYOCARDIAL INFARCTION,Myocardial Infarction,0,0,null,1,1,1,1,1.0,1.0,1.0,0.125
390,2020-02-12 19:40:07,stomach,Food-Drug Interactions,0,0,Entire stomach,0,,,,0.2631578947368421,0.4375,0.6726697087287903,0.5833333333333333
391,2020-02-12 19:40:19,myocardial infarction,Myocardial Infarction,0,0,null,1,1,1,1,1.0,1.0,1.0,0.8
392,2020-02-12 19:40:53,myocardial infarction,Myocardial Infarction,0,0,null,1,0,1,1,1.0,1.0,1.0,0.8
393,2020-02-12 19:42:29,myocardial infarction,Myocardial Infarction,0,0,null,1,0,1,1,1.0,1.0,1.0,0.8
394,2020-02-12 19:42:53,stomach,Food-Drug Interactions,0,0,Entire stomach,0,,,,0.2631578947368421,0.4375,0.6726697087287903,0.5833333333333333
395,2020-02-12 19:43:30,myocardial infarction,Myocardial Infarction,0,1,Arteries,1,1,0,1,1.0,1.0,1.0,0.8
396,2020-02-12 19:44:46,LAD,Obesity,0,0,Anterior descending branch of left coronary artery,0,,1,,0.0,0.234375,0.6328560709953308,0.4444444444444444
397,2020-02-12 19:45:15,Ext,Obesity,0,0,null,0,,0,,0.0,0.27586206896551724,0.20485762506723404,0.3157894736842105
398,2020-02-12 19:45:41,sem,Obesity,0,0,null,0,,,,0.0,0.15517241379310345,0.0,0.48
399,2020-02-12 19:45:53,Afib,Obesity,0,0,null,1,1,1,1,0.0,0.21052631578947367,0.8008730411529541,0.25
400,2020-02-12 19:46:08,CVA,Obesity,0,0,null,1,1,1,1,0.2380952380952381,0.8518518518518519,0.7273083329200745,0.8235294117647058
401,2020-02-12 19:46:20,cerebrovascular accident,Obesity,0,0,null,1,1,1,1,1.0,1.0,1.0,0.9375
402,2020-02-12 19:46:30,IDDM,Obesity,0,0,null,1,1,1,1,0.16129032258064518,0.1388888888888889,0.6402129530906677,0.631578947368421
403,2020-02-12 19:46:59,neuropathy ( peripheral,Obesity,0,0,null,1,1,1,1,0.4761904761904762,0.2608695652173913,0.7045116573572159,0.75
404,2020-02-12 19:47:45,Infectious,Communicable Diseases,0,0,null,1,1,1,1,0.0,0.19047619047619047,0.5438741892576218,0.4117647058823529
405,2020-02-12 19:48:17,wound,Communicable Diseases,0,0,null,1,1,1,1,0.5263157894736842,0.38461538461538464,0.6405411213636398,0.4545454545454546
406,2020-02-12 19:48:33,osteomyelitis,Communicable Diseases,0,0,Bone structure of calcaneum,1,1,1,1,1.0,1.0,1.0,0.8888888888888888
407,2020-02-12 19:49:27,anterior,Adenohypophyseal Diseases,0,0,Arteries,0,,,,0.0,0.16,0.17104923725128174,0.3125
408,2020-02-12 19:49:41,anterior,Adenohypophyseal Diseases,0,0,null,0,,,,0.0,0.16,0.17104923725128174,0.3125
409,2020-02-12 19:49:51,stroke,Adenohypophyseal Diseases,0,0,null,1,1,1,1,0.2631578947368421,0.125,0.5634257793426514,0.2941176470588235
410,2020-02-12 19:50:13,anterior,Adenohypophyseal Diseases,0,0,Anterior descending branch of left coronary artery,0,,,,0.0,0.16,0.17104923725128174,0.3125
411,2020-02-12 19:50:20,dvt,Deep Vein Thrombosis,0,0,null,1,1,1,1,0.3333333333333333,0.782608695652174,0.8444303373495737,0.5789473684210527
412,2020-02-12 19:50:48,DVT,Deep Vein Thrombosis,0,0,Limb structure,1,1,1,1,0.3333333333333333,0.782608695652174,0.8444303373495737,0.5789473684210527
413,2020-02-12 19:51:05,DVT,Deep Vein Thrombosis,0,0,null,1,1,1,1,0.3333333333333333,0.782608695652174,0.8444303373495737,0.5789473684210527
414,2020-02-12 19:51:19,DVT,Deep Vein Thrombosis,0,0,null,1,1,1,1,0.3333333333333333,0.782608695652174,0.8444303373495737,0.5789473684210527
415,2020-02-12 19:51:45,HEREDITARY ANGIOEDEMA,Deep Vein Thrombosis,0,0,null,1,1,1,1,0.25,0.21739130434782608,0.5716668367385864,0.11538461538461542
416,2020-02-12 19:51:55,DVT,Deep Vein Thrombosis,0,1,null,1,1,0,1,0.3333333333333333,0.782608695652174,0.8444303373495737,0.5789473684210527
417,2020-02-12 19:52:10,CHH,Deep Vein Thrombosis,0,0,null,1,1,1,1,0.0,0.12,0.6329032778739929,0.0625
418,2020-02-12 19:52:14,DVT,Deep Vein Thrombosis,0,1,null,1,1,1,1,0.3333333333333333,0.782608695652174,0.8444303373495737,0.5789473684210527
419,2020-02-12 19:52:44,CHH,Deep Vein Thrombosis,0,0,null,0,,,,0.0,0.12,0.6329032778739929,0.0625
420,2020-02-12 19:53:03,GERD,Deep Vein Thrombosis,0,0,null,1,1,1,1,0.6465517241379309,0.7419354838709677,0.6788643300533295,0.7777777777777778
421,2020-02-12 19:53:47,anxiety,Anxiety,0,0,null,1,1,1,1,1.0,1.0,1.0,0.75
422,2020-02-12 19:53:49,deep venous thrombosis,Deep Vein Thrombosis,0,0,Veins,1,0,0,1,0.3333333333333333,0.8181818181818182,0.8444303373495737,0.6111111111111112
423,2020-02-12 19:54:04,depression,Anxiety,0,0,null,1,1,1,1,0.2631578947368421,0.47368421052631576,0.7141569256782532,0.6363636363636364
424,2020-02-12 19:54:10,depression ) anxiety,Anxiety,0,0,null,1,1,1,1,0.20833333333333331,0.24324324324324326,0.4910847045481205,0.8125
425,2020-02-12 19:54:11,deep venous thrombosis,Deep Vein Thrombosis,0,0,Veins,1,1,0,1,0.3333333333333333,0.8181818181818182,0.8444303373495737,0.6111111111111112
426,2020-02-12 19:54:41,PLAN,Sleep Apnea Syndromes,0,0,null,0,,,,0.0,0.0967741935483871,-0.16849049553275108,0.045454545454545414
427,2020-02-12 19:54:50,sleep apnea,Sleep Apnea Syndromes,0,0,null,1,1,1,1,0.6465517241379309,0.5238095238095238,1.0,0.5
428,2020-02-12 19:55:06,morbid obesity,Sleep Apnea Syndromes,0,0,null,1,1,1,1,0.25,0.13333333333333333,0.36392271518707275,0.7142857142857143
429,2020-02-12 19:55:19,psoriasis,Sleep Apnea Syndromes,0,0,null,1,1,1,1,1.0,1.0,1.0,0.7142857142857143
430,2020-02-12 19:55:39,OSA,Sleep Apnea Syndromes,0,0,null,1,1,1,1,0.3333333333333333,0.0,0.42721344033877057,0.7
431,2020-02-12 19:55:51,DVT,Deep Vein Thrombosis,0,1,null,1,1,1,1,0.3333333333333333,0.782608695652174,0.8444303373495737,0.5789473684210527
432,2020-02-12 19:55:55,thrombocytopenia,Sleep Apnea Syndromes,0,0,null,1,1,1,1,1.0,1.0,1.0,0.9285714285714286
433,2020-02-12 19:56:37,DVT,Deep Vein Thrombosis,0,0,null,1,1,1,1,0.3333333333333333,0.782608695652174,0.8444303373495737,0.5789473684210527
434,2020-02-12 19:57:04,DVT,Deep Vein Thrombosis,0,0,null,1,1,1,1,0.3333333333333333,0.782608695652174,0.8444303373495737,0.5789473684210527
435,2020-02-12 19:57:08,small bowel obstruction,Small bowel obstruction,0,0,Intestines,1,1,1,1,1.0,1.0,1.0,0.9375
436,2020-02-12 19:57:22,DVT,Deep Vein Thrombosis,0,0,null,1,1,1,1,0.3333333333333333,0.782608695652174,0.8444303373495737,0.5789473684210527
437,2020-02-12 19:57:26,Infections,Intervertebral Disc Degeneration,0,0,null,0,,,,0.13513513513513511,0.2777777777777778,0.3382557686418295,0.5625
438,2020-02-12 19:57:33,disc degeneration,Intervertebral Disc Degeneration,0,0,Entire intervertebral disc of fifth lumbar vertebra,1,1,1,1,0.6465517241379309,0.53125,0.7279392878214518,0.6470588235294117
439,2020-02-12 19:58:04,DVT,Deep Vein Thrombosis,0,0,null,1,0,1,1,0.3333333333333333,0.782608695652174,0.8444303373495737,0.5789473684210527
440,2020-02-12 19:58:20,DVT,Deep Vein Thrombosis,0,0,null,1,1,1,1,0.3333333333333333,0.782608695652174,0.8444303373495737,0.5789473684210527
441,2020-02-12 19:59:12,DEEP VENOUS THROMBOSIS,Deep Vein Thrombosis,0,0,Veins,1,1,0,1,0.3333333333333333,0.8181818181818182,0.8444303373495737,0.16000000000000003
442,2020-02-12 19:59:23,deep venous thrombosis,Deep Vein Thrombosis,0,0,Veins,1,1,0,1,0.3333333333333333,0.8181818181818182,0.8444303373495737,0.6111111111111112
443,2020-02-12 19:59:30,atretic,Impatent structure,0,0,Collateral branch of vessel,0,,,,0.0,0.2222222222222222,0.0,0.3846153846153846
444,2020-02-12 19:59:47,PDA,Impatent structure,0,0,Posterior interventricular branch of right coronary artery,1,1,1,1,0.9814814814814815,0.96,1.0,0.8
445,2020-02-12 20:00:03,deep venous thrombosis,Deep Vein Thrombosis,0,0,Veins,1,0,0,1,0.3333333333333333,0.8181818181818182,0.8444303373495737,0.6111111111111112
446,2020-02-12 20:00:31,eos,Familial eosinophilia,1,0,null,1,1,1,1,0.0,0.47619047619047616,0.45636627078056335,0.6153846153846154
447,2020-02-12 20:00:43,toxic shock,Toxic Shock Syndrome,0,0,null,1,1,1,1,0.6465517241379309,0.55,0.5112024943033854,0.4117647058823529
448,2020-02-12 20:01:51,deep venous thrombosis,Deep Vein Thrombosis,0,0,Structure of calf of leg,1,1,1,1,0.3333333333333333,0.8181818181818182,0.8444303373495737,0.6111111111111112
449,2020-02-12 20:02:13,deep venous thrombosis,Deep Vein Thrombosis,0,0,Veins,1,1,0,1,0.3333333333333333,0.8181818181818182,0.8444303373495737,0.6111111111111112
450,2020-02-12 20:02:36,deep venous thrombosis,Deep Vein Thrombosis,0,0,Structure of calf of leg,1,1,0,1,0.3333333333333333,0.8181818181818182,0.8444303373495737,0.6111111111111112
451,2020-02-12 20:03:07,DVT,Deep Vein Thrombosis,0,0,null,1,1,1,1,0.3333333333333333,0.782608695652174,0.8444303373495737,0.5789473684210527
452,2020-02-12 20:05:25,ulcers,Ulcer,0,0,null,1,1,1,1,1.0,0.8333333333333334,0.7838571667671204,0.5714285714285714
453,2020-02-12 20:07:37,ulcers,Ulcer,0,0,null,1,1,1,,1.0,0.8333333333333334,0.7838571667671204,0.5714285714285714
454,2020-02-12 20:07:47,ulcers,Ulcer,0,0,null,1,1,1,1,1.0,0.8333333333333334,0.7838571667671204,0.5714285714285714
455,2020-02-12 20:08:37,ulcer,Ulcer,0,0,Hallux structure,1,1,1,1,1.0,1.0,1.0,0.6666666666666667
456,2020-02-12 21:16:39,Interaction,Drug Interactions,0,0,null,1,1,1,1,0.2631578947368421,0.6470588235294118,0.32624387741088867,0.6428571428571428
457,2020-02-12 21:16:48,Alert,Drug Interactions,0,0,null,0,,,,0.0,0.10526315789473684,0.23027312755584717,0.2142857142857143
458,2020-02-12 21:17:11,Pain,Drug Interactions,0,0,null,1,1,1,1,1.0,1.0,1.0,1.0
459,2020-02-12 21:17:15,ulcer,Ulcer,0,0,null,1,0,1,1,1.0,1.0,1.0,0.6666666666666667
460,2020-02-12 21:18:01,ACETYLSALICYLIC ACID,Aspirin,0,0,null,1,1,1,1,0.0,0.2,0.7946902513504028,0.06666666666666665
461,2020-02-12 21:21:10,INH,Aspirin,0,0,null,1,1,1,1,0.5,0.2222222222222222,0.7510043978691101,0.0
462,2020-02-12 21:21:21,CAPTOPRIL,Aspirin,0,0,null,1,1,1,1,1.0,1.0,1.0,0.06666666666666665
463,2020-02-12 21:23:14,Cor,Aspirin,0,0,null,0,,,,0.0,0.3,0.0,0.30000000000000004
464,2020-02-12 21:24:05,end,"Endoglin, human",0,0,null,0,,,,0.0,0.2,-0.05813436023890972,0.1428571428571429
465,2020-02-12 21:24:17,end,"Endoglin, human",0,0,null,0,,,,0.0,0.2,-0.05813436023890972,0.1428571428571429
466,2020-02-12 21:25:25,end,"Endoglin, human",0,0,null,0,,,,0.0,0.2,-0.05813436023890972,0.1428571428571429
467,2020-02-12 21:26:46,TSH,Coumadin,0,0,null,1,1,1,1,0.0,0.2857142857142857,0.811642587184906,0.368421052631579
468,2020-02-12 21:27:02,KCl,Coumadin,0,0,null,1,1,1,1,0.0,0.1111111111111111,0.8901282548904419,0.125
469,2020-02-12 21:28:14,amp,Coumadin,0,0,null,1,1,1,1,0.0,0.13043478260869565,0.4694608747959137,0.1428571428571429
470,2020-02-12 21:30:00,salt,Coumadin,0,0,null,1,1,1,1,0.0,0.13333333333333333,0.6085451245307922,0.06666666666666665
471,2020-02-12 21:30:14,fat,Coumadin,0,0,null,1,1,1,1,0.13513513513513511,0.11538461538461539,0.7042517066001892,0.1333333333333333
472,2020-02-12 21:30:54,Asa,Coumadin,0,0,null,1,1,1,1,0.5,0.875,1.0,0.625
473,2020-02-12 21:32:33,sugars,Sugars,0,0,null,1,1,1,1,1.0,1.0,1.0,0.8333333333333334
474,2020-02-12 21:33:15,Senna,Colace,0,0,null,1,1,1,1,0.0,0.26666666666666666,0.6983075439929962,0.25
475,2020-02-12 21:33:34,iron sulfate,Colace,0,0,null,1,1,1,1,0.25,0.6666666666666666,0.8529834151268005,0.8333333333333334
476,2020-02-12 21:33:50,antibiotics,Antibiotics,0,0,null,1,1,1,1,1.0,1.0,1.0,0.7777777777777778
477,2020-02-12 21:36:11,INR,International Normalized Ratio,0,0,null,1,1,1,1,0.9814814814814815,0.967741935483871,1.0,0.75
478,2020-02-12 21:37:28,PTT,International Normalized Ratio,0,0,null,1,1,1,1,0.6134259259259259,0.5510204081632653,0.4513580898443858,0.6363636363636364
479,2020-02-12 21:37:38,platelet count,International Normalized Ratio,0,0,Blood Platelets,1,1,1,1,0.6465517241379309,0.5384615384615384,1.0,0.5333333333333333
480,2020-02-12 21:37:52,BUN,International Normalized Ratio,0,0,null,1,1,1,1,0.754985754985755,0.6129032258064516,1.0,0.7058823529411764
481,2020-02-12 21:38:05,Carotid imaging,Catheterization,0,0,Structure of left internal carotid artery,1,1,1,1,0.2631578947368421,0.3333333333333333,0.5821199268102646,0.625
482,2020-02-12 21:38:26,PROCEDURES,Interventional procedure,0,0,null,1,1,1,1,0.5263157894736842,0.3333333333333333,0.518017441034317,0.0
483,2020-02-12 21:38:38,TAH,Interventional procedure,0,0,null,1,1,1,1,0.9814814814814815,0.9655172413793104,1.0,0.8888888888888888
484,2020-02-12 21:39:22,EXERCISE TOLERANCE TEST,Exercise stress test,0,0,null,1,1,1,1,0.3333333333333333,0.6521739130434783,1.0,0.10526315789473684
485,2020-02-12 21:39:56,knee,"Joint Examination, Knee",0,0,Knee,0,0,0,0,0.17857142857142855,0.17391304347826086,0.6656530300776163,0.1428571428571429
486,2020-02-12 21:40:18,radiation,Auscultation,1,0,null,1,1,1,1,0.0,0.1935483870967742,0.29371166229248047,0.3529411764705882
487,2020-02-12 21:40:36,Knee,Procedure on hip,0,0,Knee,0,0,0,0,0.17857142857142855,0.17391304347826086,0.6656530300776163,0.23076923076923073
488,2020-02-12 21:40:45,Hip,Procedure on hip,0,0,Hip structure,0,,,,0.17857142857142855,0.1875,0.4232672204573949,0.15384615384615385
